org_name,new_name
uu72.jpg,LPUr01.jpg
uu54.jpg,LPUr02.jpg
pu15.jpg,LPUr03.jpg
uu68.jpg,LPUr04.jpg
uu7.jpg,LPUr05.jpg
pu23.jpg,LPUr06.jpg
pu38.jpg,LPUr07.jpg
uu11.jpg,LPUr08.jpg
pu39.jpg,LPUr09.jpg
uu10.jpg,LPUr10.jpg
uu22.jpg,LPUr11.jpg
uu16.jpg,LPUr12.jpg
uu63.jpg,LPUr13.jpg
pu72.jpg,LPUr14.jpg
pu58.jpg,LPUr15.jpg
uu47.jpg,LPUr16.jpg
pu36.jpg,LPUr17.jpg
pu47.jpeg,LPUr18.jpg
uu69.jpg,LPUr19.jpg
uu62.jpg,LPUr20.jpg
pu4.jpg,LPUr21.jpg
pu2.jpeg,LPUr22.jpg
pu14.jpg,LPUr23.jpg
uu53.jpg,LPUr24.jpg
pu20.jpg,LPUr25.jpg
pu24.jpg,LPUr26.jpg
pu40.jpg,LPUr27.jpg
uu21.jpg,LPUr28.jpg
pu70.jpg,LPUr29.jpg
uu27.jpg,LPUr30.jpg
pu48.jpeg,LPUr31.jpg
pu16.jpg,LPUr32.jpg
pu61.jpeg,LPUr33.jpg
pu21.jpg,LPUr34.jpg
pu50.jpeg,LPUr35.jpg
uu38.jpeg,LPUr36.jpg
pu10.jpg,LPUr37.jpg
pu25.jpg,LPUr38.jpg
pu54.jpeg,LPUr39.jpg
pu66.jpg,LPUr40.jpg
pu51.jpeg,LPUr41.jpg
pu75.jpg,LPUr42.jpg
pu52.jpeg,LPUr43.jpg
pu6.jpg,LPUr44.jpg
uu32.jpeg,LPUr45.jpg
uu50.jpg,LPUr46.jpg
pn37.jpg,LPNt01.jpg
pn39.jpg,LPNt02.jpg
pn53.jpg,LPNt03.jpg
pn54.jpg,LPNt04.jpg
pn59.jpg,LPNt05.jpg
pn66.jpg,LPNt06.jpg
pn73.jpg,LPNt07.jpg
un1.jpeg,LPNt08.jpg
un10.jpg,LPNt09.jpg
un12.jpeg,LPNt10.jpg
un15.jpeg,LPNt11.jpg
un17.jpeg,LPNt12.jpg
un18.jpg,LPNt13.jpg
un24.jpeg,LPNt14.jpg
un27.jpg,LPNt15.jpg
un3.jpg,LPNt16.jpg
un30.jpg,LPNt17.jpg
un31.jpg,LPNt18.jpg
un33.jpg,LPNt19.jpg
un34.jpg,LPNt20.jpg
un35.jpg,LPNt21.jpg
un36.jpg,LPNt22.jpg
un37.jpg,LPNt23.jpg
un4.jpeg,LPNt24.jpg
un40.jpg,LPNt25.jpg
un41.jpg,LPNt26.jpg
un42.jpg,LPNt27.jpg
un45.jpg,LPNt28.jpg
un46.jpg,LPNt29.jpg
un48.jpg,LPNt30.jpg
un49.jpg,LPNt31.jpg
un5.jpg,LPNt32.jpg
un52.jpg,LPNt33.jpg
un53.jpg,LPNt34.jpg
un57.jpg,LPNt35.jpg
un60.jpg,LPNt36.jpg
un64.jpg,LPNt37.jpg
un68.jpg,LPNt38.jpg
un69.jpg,LPNt39.jpg
un70.jpg,LPNt40.jpg
un71.jpg,LPNt41.jpg
un72.jpg,LPNt42.jpg
un74.jpg,LPNt43.jpg
un75.jpg,LPNt44.jpg
un9.jpg,LPNt45.jpg
un13.jpeg,LPNt46.jpg
pu12.jpg,HPUr01.jpg
pu45.jpeg,HPUr02.jpg
pu69.jpg,HPUr03.jpg
pu31.jpeg,HPUr04.jpg
pu13.jpg,HPUr05.jpg
pu71.jpg,HPUr06.jpg
pu19.jpg,HPUr07.jpg
pu22.JPG,HPUr08.jpg
pu56.jpeg,HPUr09.jpg
pu7.jpg,HPUr10.jpg
pu63.jpeg,HPUr11.jpg
pu29.jpg,HPUr12.jpg
pu37.jpg,HPUr13.jpg
pu49.jpeg,HPUr14.jpg
uu40.jpeg,HPUr15.jpg
pu55.jpeg,HPUr16.jpg
pu46.jpeg,HPUr17.jpg
pu59.jpg,HPUr18.jpg
pu30.jpg,HPUr19.jpg
pu57.jpg,HPUr20.jpg
pu11.jpg,HPUr21.jpg
pu33.jpeg,HPUr22.jpg
pu74.jpg,HPUr23.jpg
pu27.jpg,HPUr24.jpg
pu8.jpg,HPUr25.jpg
pu65.jpeg,HPUr26.jpg
pu5.jpg,HPUr27.jpg
pu44.jpg,HPUr28.jpg
pu26.jpeg,HPUr29.jpg
pu35.jpg,HPUr30.jpg
pu42.jpg,HPUr31.jpg
pu17.jpg,HPUr32.jpg
pu60.jpeg,HPUr33.jpg
pu28.jpg,HPUr34.jpg
pu18.jpg,HPUr35.jpg
pu53.jpeg,HPUr36.jpg
pu67.jpg,HPUr37.jpg
pu34.jpg,HPUr38.jpg
pu62.jpeg,HPUr39.jpg
pu32.jpg,HPUr40.jpg
pu43.jpeg,HPUr41.jpg
pu73.jpg,HPUr42.jpg
pu64.jpeg,HPUr43.jpg
pu9.jpg,HPUr44.jpg
pu3.jpg,HPUr45.jpg
pu68.jpg,HPUr46.jpg
pn16.jpg,HPNt01.jpg
pn21.jpg,HPNt02.jpg
pn22.jpg,HPNt03.jpg
pn25.jpg,HPNt04.jpg
pn26.jpg,HPNt05.jpg
pn29.jpg,HPNt06.jpg
pn31.jpg,HPNt07.jpg
pn33.jpg,HPNt08.jpg
pn36.jpg,HPNt09.jpg
pn38.jpg,HPNt10.jpg
pn41.jpg,HPNt11.jpg
pn43.jpg,HPNt12.jpg
pn44.jpg,HPNt13.jpg
pn47.jpg,HPNt14.jpg
pn51.jpg,HPNt15.jpg
pn56.jpg,HPNt16.jpg
pn61.jpg,HPNt17.jpg
pn71.jpg,HPNt18.jpg
un11.jpg,HPNt19.jpg
un14.jpg,HPNt20.jpg
un16.JPG,HPNt21.jpg
un19.jpeg,HPNt22.jpg
un20.jpg,HPNt23.jpg
un21.jpg,HPNt24.jpg
un28.jpg,HPNt25.jpg
un29.jpg,HPNt26.jpg
un38.jpg,HPNt27.jpg
un39.jpg,HPNt28.jpg
un43.jpg,HPNt29.jpg
un47.jpg,HPNt30.jpg
un51.jpg,HPNt31.jpg
un54.jpg,HPNt32.jpg
un55.jpg,HPNt33.jpg
un58.jpg,HPNt34.jpg
un59.jpg,HPNt35.jpg
un6.jpeg,HPNt36.jpg
un61.jpg,HPNt37.jpg
un62.jpg,HPNt38.jpg
un63.jpg,HPNt39.jpg
un65.jpg,HPNt40.jpg
un66.jpg,HPNt41.jpg
un67.jpg,HPNt42.jpg
un7.jpg,HPNt43.jpg
un73.jpg,HPNt44.jpg
un8.jpeg,HPNt45.jpg
pn17.jpg,HPNt46.jpg
